{"count":1,"gauges":{},"self":3.5389871999999998,"total":3.7832690999999996,"children":{"AgentResetIfDone":{"count":111,"self":0.0019944,"total":0.0019944,"children":null},"AgentSendState":{"count":111,"self":0.0079728,"total":0.0119577,"children":{"CollectObservations":{"count":28,"self":0.0039848999999999996,"total":0.0039848999999999996,"children":null}}},"DecideAction":{"count":111,"self":0.2030313,"total":0.214394,"children":{"RayPerceptionSensor.Perceive":{"count":28,"self":0.0113627,"total":0.0113627,"children":null}}},"AcademyStep":{"count":111,"self":0.0029779,"total":0.0029779,"children":null},"AgentAct":{"count":111,"self":0.0099686999999999987,"total":0.0099686999999999987,"children":null}}}